,Close
2021-08-17,46.9804573059082
2021-08-18,47.03590393066406
2021-08-19,46.925018310546875
2021-08-20,46.3890495300293
2021-08-23,47.368568420410156
2021-08-24,47.92302322387695
2021-08-25,48.36659240722656
2021-08-26,47.46099090576172
2021-08-27,47.40553283691406
2021-08-30,46.925018310546875
2021-08-31,47.202239990234375
2021-09-01,49.142818450927734
2021-09-02,48.791664123535156
2021-09-03,48.07088088989258
2021-09-06,47.70124816894531
2021-09-07,49.050411224365234
2021-09-08,48.902557373046875
2021-09-09,49.235225677490234
2021-09-10,47.79365539550781
2021-09-13,47.97847366333008
2021-09-14,47.64580154418945
2021-09-15,45.95472717285156
2021-09-16,46.64778518676758
2021-09-17,48.34810256958008
2021-09-20,50.23323440551758
2021-09-21,52.39559555053711
2021-09-22,51.98899459838867
2021-09-23,52.876121520996094
2021-09-24,52.469520568847656
2021-09-27,54.04046630859375
2021-09-28,53.39360427856445
2021-09-29,53.11638259887695
2021-09-30,53.26422882080078
2021-10-01,51.19429016113281
2021-10-04,54.2067985534668
2021-10-05,53.48601531982422
2021-10-06,52.469520568847656
2021-10-07,52.48800277709961
2021-10-08,54.169830322265625
2021-10-11,53.726280212402344
2021-10-12,54.502506256103516
2021-10-13,55.53748321533203
2021-10-14,55.79623031616211
2021-10-15,55.408111572265625
2021-10-18,55.24177169799805
2021-10-19,55.48203659057617
2021-10-20,52.41407775878906
2021-10-21,51.74873352050781
2021-10-22,51.00947189331055
2021-10-25,50.547428131103516
2021-10-26,52.48800277709961
2021-10-27,52.5064811706543
2021-10-28,52.85763931274414
2021-10-29,52.96853256225586
2021-11-01,53.985015869140625
2021-11-02,53.78172302246094
2021-11-03,53.615386962890625
2021-11-04,54.33617401123047
2021-11-05,57.01601791381836
2021-11-08,57.69983673095703
2021-11-09,59.049007415771484
2021-11-10,59.41864013671875
2021-11-11,57.40413284301758
2021-11-12,57.33020782470703
2021-11-15,58.69784927368164
2021-11-16,58.12491989135742
2021-11-17,57.55198287963867
2021-11-18,58.14339828491211
2021-11-19,57.01601791381836
2021-11-22,55.64837646484375
2021-11-23,55.445068359375
2021-11-24,55.37114715576172
2021-11-25,55.611412048339844
2021-11-26,51.98899459838867
2021-11-29,53.30119323730469
2021-11-30,52.0814094543457
2021-12-01,53.89261245727539
2021-12-02,52.96853256225586
2021-12-03,52.43255615234375
2021-12-06,52.950042724609375
2021-12-07,54.1513557434082
2021-12-08,54.52098846435547
2021-12-09,53.39360427856445
2021-12-10,53.09789276123047
2021-12-13,53.282718658447266
2021-12-14,51.489994049072266
2021-12-15,50.769203186035156
2021-12-16,50.843135833740234
2021-12-17,50.676795959472656
2021-12-20,50.65831756591797
2021-12-21,51.36062240600586
2021-12-22,53.153343200683594
2021-12-23,54.557952880859375
2021-12-27,53.522979736328125
2021-12-28,54.946067810058594
2021-12-29,54.68732452392578
2021-12-30,54.59491729736328
2022-01-03,54.9830322265625
2022-01-04,56.70183181762695
2022-01-05,58.420631408691406
2022-01-06,57.95858383178711
2022-01-07,58.73481750488281
2022-01-10,57.662879943847656
2022-01-11,57.977073669433594
2022-01-12,56.94209289550781
2022-01-13,57.45957946777344
2022-01-14,57.77376174926758
2022-01-17,59.86219787597656
2022-01-18,58.16188049316406
2022-01-19,57.82921600341797
2022-01-20,57.53349685668945
2022-01-21,56.29523468017578
2022-01-24,57.07146072387695
2022-01-25,55.7223014831543
2022-01-26,56.812721252441406
2022-01-27,55.53748321533203
2022-01-28,55.50052261352539
2022-01-31,55.223289489746094
2022-02-01,57.58894729614258
2022-02-02,56.97905731201172
2022-02-03,56.775760650634766
2022-02-04,56.35067367553711
2022-02-07,56.73879623413086
2022-02-08,55.555965423583984
2022-02-09,58.14339828491211
2022-02-10,57.6443977355957
2022-02-11,57.33020782470703
2022-02-14,55.96255874633789
2022-02-15,56.812721252441406
2022-02-16,57.12690734863281
2022-02-17,57.293251037597656
2022-02-18,57.108428955078125
2022-02-21,56.202823638916016
2022-02-22,55.019996643066406
2022-02-23,56.57246017456055
2022-02-24,55.038475036621094
2022-02-25,54.52098846435547
2022-02-28,55.20481491088867
2022-03-01,53.48601531982422
2022-03-02,53.50450134277344
2022-03-03,53.50450134277344
2022-03-04,48.88407897949219
2022-03-07,46.222713470458984
2022-03-08,47.64580154418945
2022-03-09,47.23920440673828
2022-03-10,49.58638381958008
2022-03-11,48.71773910522461
2022-03-14,48.791664123535156
2022-03-15,48.847110748291016
2022-03-16,49.36458969116211
2022-03-17,50.676795959472656
2022-03-18,51.47151184082031
2022-03-21,51.89659118652344
2022-03-22,53.467529296875
2022-03-23,53.59690475463867
2022-03-24,52.24774169921875
2022-03-25,52.85763931274414
2022-03-28,52.24774169921875
2022-03-29,55.85166931152344
2022-03-30,55.611412048339844
2022-03-31,54.66884231567383
2022-04-01,53.50450134277344
2022-04-04,54.169830322265625
2022-04-05,54.63188171386719
2022-04-06,54.76124954223633
2022-04-07,52.91307830810547
2022-04-08,52.469520568847656
2022-04-11,50.584388732910156
2022-04-12,50.344120025634766
2022-04-13,51.63785171508789
2022-04-14,52.24774169921875
2022-04-19,52.22926330566406
2022-04-20,52.41407775878906
2022-04-21,53.707794189453125
2022-04-22,54.613399505615234
2022-04-25,54.613399505615234
2022-04-26,55.50052261352539
2022-04-27,54.557952880859375
2022-04-28,54.484031677246094
2022-04-29,56.369163513183594
2022-05-02,54.72429275512695
2022-05-03,55.130889892578125
2022-05-04,55.83319091796875
2022-05-05,55.75926208496094
2022-05-06,55.00151062011719
2022-05-09,54.946067810058594
2022-05-10,54.18832015991211
2022-05-11,53.59690475463867
2022-05-12,52.52497100830078
2022-05-13,53.85564422607422
2022-05-16,53.68931579589844
2022-05-17,54.77973556518555
2022-05-18,54.890628814697266
2022-05-19,54.095909118652344
2022-05-20,54.502506256103516
2022-05-23,54.96455383300781
2022-05-24,53.80020523071289
2022-05-25,53.17182922363281
2022-05-26,53.11638259887695
2022-05-27,54.576438903808594
2022-05-30,55.83319091796875
2022-05-31,54.890628814697266
2022-06-01,53.467529296875
2022-06-02,52.876121520996094
2022-06-03,53.208797454833984
2022-06-06,52.52497100830078
2022-06-07,53.06093215942383
2022-06-08,53.24575424194336
2022-06-09,51.84114074707031
2022-06-10,50.93553924560547
2022-06-13,48.68077850341797
2022-06-14,47.627323150634766
2022-06-15,47.109832763671875
2022-06-16,47.77517318725586
2022-06-17,47.12831115722656
2022-06-20,49.01344299316406
2022-06-21,50.029937744140625
2022-06-22,48.25569534301758
2022-06-23,48.29265594482422
2022-06-24,48.791664123535156
2022-06-27,49.30915451049805
2022-06-28,50.23323440551758
2022-06-29,49.62334442138672
2022-06-30,48.237213134765625
2022-07-01,48.902557373046875
2022-07-04,48.902557373046875
2022-07-05,47.47946548461914
2022-07-06,48.03391647338867
2022-07-07,48.440513610839844
2022-07-08,49.08736801147461
2022-07-11,49.06888961791992
2022-07-12,49.43852615356445
2022-07-13,49.16130065917969
2022-07-14,49.75271987915039
2022-07-15,49.198265075683594
2022-07-18,50.676795959472656
2022-07-19,50.547428131103516
2022-07-20,51.76721954345703
2022-07-21,51.45302963256836
2022-07-22,50.93553924560547
2022-07-25,51.85962677001953
2022-07-26,51.52695083618164
2022-07-27,51.54543685913086
2022-07-28,52.210777282714844
2022-07-29,51.91507339477539
2022-08-01,51.489994049072266
2022-08-02,51.45302963256836
2022-08-03,52.59889221191406
2022-08-04,52.83916091918945
2022-08-05,51.30517578125
2022-08-08,50.89857482910156
2022-08-09,51.212764739990234
2022-08-10,52.67281723022461
2022-08-11,53.153343200683594
2022-08-12,52.30318832397461
2022-08-15,52.22926330566406
2022-08-16,53.0054931640625
2022-08-17,52.00748062133789
2022-08-18,52.04444122314453
2022-08-19,51.434547424316406
2022-08-22,50.86161422729492
2022-08-23,50.787689208984375
2022-08-24,50.769203186035156
2022-08-25,51.268211364746094
2022-08-26,51.50846862792969
2022-08-29,49.80815887451172
2022-08-30,48.7731819152832
2022-08-31,49.12433624267578
2022-09-01,46.66626739501953
2022-09-02,46.906532287597656
2022-09-05,46.13030242919922
2022-09-06,47.88605880737305
2022-09-07,47.79365539550781
2022-09-08,47.57187271118164
2022-09-09,48.144805908203125
2022-09-12,48.4035530090332
2022-09-13,48.4035530090332
2022-09-14,48.440513610839844
2022-09-15,47.71971893310547
2022-09-16,46.99894332885742
2022-09-19,46.46297073364258
2022-09-20,47.79365539550781
2022-09-21,46.27815246582031
2022-09-22,46.02865219116211
2022-09-23,44.44847106933594
2022-09-26,42.387760162353516
2022-09-27,43.27488327026367
2022-09-28,41.583805084228516
2022-09-29,42.33230972290039
2022-09-30,43.709197998046875
2022-10-03,43.718441009521484
2022-10-04,44.143524169921875
2022-10-05,45.538883209228516
2022-10-06,45.78839111328125
2022-10-07,45.825355529785156
2022-10-10,45.594329833984375
2022-10-11,45.86231994628906
2022-10-12,46.065608978271484
2022-10-13,44.26364517211914
2022-10-14,45.76066207885742
2022-10-17,45.132293701171875
2022-10-18,46.94349670410156
2022-10-19,46.00092697143555
2022-10-20,46.176509857177734
2022-10-21,46.176509857177734
2022-10-24,46.24119186401367
2022-10-25,46.66626739501953
2022-10-26,47.70124816894531
2022-10-27,48.16328811645508
2022-10-28,47.627323150634766
2022-10-31,48.144805908203125
2022-11-01,49.050411224365234
2022-11-02,48.477474212646484
2022-11-03,46.906532287597656
2022-11-04,47.368568420410156
2022-11-07,47.44249725341797
2022-11-08,47.77517318725586
2022-11-09,46.961978912353516
2022-11-10,48.606849670410156
2022-11-11,49.34612274169922
2022-11-14,49.30915451049805
2022-11-15,49.08736801147461
2022-11-16,48.53292465209961
2022-11-17,47.38705825805664
2022-11-18,46.77716064453125
2022-11-21,45.695980072021484
2022-11-22,46.40753173828125
2022-11-23,47.59035110473633
2022-11-24,46.99894332885742
2022-11-25,47.27616882324219
2022-11-28,47.534912109375
2022-11-29,47.22071838378906
2022-11-30,47.18375778198242
2022-12-01,47.68275833129883
2022-12-02,47.92302322387695
2022-12-05,47.73820877075195
2022-12-06,46.555381774902344
2022-12-07,46.81412124633789
2022-12-08,47.03590393066406
2022-12-09,47.55339050292969
2022-12-12,47.350093841552734
2022-12-13,47.40553283691406
2022-12-14,48.810150146484375
2022-12-15,48.53292465209961
2022-12-16,47.73820877075195
2022-12-19,47.14679718017578
2022-12-20,46.46297073364258
2022-12-21,46.33360290527344
2022-12-22,46.555381774902344
2022-12-23,45.927005767822266
2022-12-27,44.938232421875
2022-12-28,45.52964782714844
2022-12-29,45.30786895751953
2022-12-30,45.11381149291992
2023-01-02,45.705223083496094
2023-01-03,45.233943939208984
2023-01-04,45.42799758911133
2023-01-05,47.257686614990234
2023-01-06,48.71773910522461
2023-01-09,49.80815887451172
2023-01-10,49.6048583984375
2023-01-11,50.399574279785156
2023-01-12,50.41805648803711
2023-01-13,52.91307830810547
2023-01-16,52.80219650268555
2023-01-17,52.45104217529297
2023-01-18,52.59889221191406
2023-01-19,52.561927795410156
2023-01-20,52.04444122314453
2023-01-23,52.284706115722656
2023-01-24,52.80219650268555
2023-01-25,52.91307830810547
2023-01-26,54.26224899291992
2023-01-27,53.559940338134766
2023-01-30,53.707794189453125
2023-01-31,53.24575424194336
2023-02-01,53.24575424194336
2023-02-02,56.2767448425293
2023-02-03,56.33219528198242
2023-02-06,56.147377014160156
2023-02-07,56.55397415161133
2023-02-08,55.42659378051758
2023-02-09,55.740779876708984
2023-02-10,55.14936065673828
2023-02-13,53.615386962890625
2023-02-14,54.798213958740234
2023-02-15,54.59491729736328
2023-02-16,53.80020523071289
2023-02-17,52.950042724609375
2023-02-20,51.89659118652344
2023-02-21,51.212764739990234
2023-02-22,50.65831756591797
2023-02-23,51.13883590698242
2023-02-24,51.619361877441406
2023-02-27,52.63585662841797
2023-02-28,54.9830322265625
2023-03-01,55.75926208496094
2023-03-02,55.14936065673828
2023-03-03,56.147377014160156
2023-03-06,56.9605712890625
2023-03-07,56.72031021118164
2023-03-08,56.2767448425293
2023-03-09,57.16386795043945
2023-03-10,56.018009185791016
2023-03-13,54.890628814697266
2023-03-14,55.740779876708984
2023-03-15,55.79623031616211
2023-03-16,54.29920959472656
2023-03-17,55.223289489746094
2023-03-20,53.134864807128906
2023-03-21,54.68732452392578
2023-03-22,54.26224899291992
2023-03-23,54.44706344604492
2023-03-24,53.208797454833984
2023-03-27,53.59690475463867
2023-03-28,54.02198028564453
2023-03-29,54.35464859008789
2023-03-30,55.703819274902344
2023-03-31,55.98104476928711
2023-04-03,56.775760650634766
2023-04-04,56.8681640625
2023-04-05,56.406124114990234
2023-04-06,56.55397415161133
2023-04-11,56.72031021118164
2023-04-12,55.92559814453125
2023-04-13,55.703819274902344
2023-04-14,56.42460250854492
2023-04-17,56.498531341552734
2023-04-18,57.422611236572266
2023-04-19,57.755287170410156
2023-04-20,58.05099105834961
2023-04-21,57.73680114746094
2023-04-24,57.755287170410156
2023-04-25,57.77376174926758
2023-04-26,58.605438232421875
2023-04-27,58.40214157104492
2023-04-28,58.235809326171875
2023-05-02,58.69784927368164
2023-05-03,58.55000305175781
2023-05-04,57.625911712646484
2023-05-05,57.237796783447266
2023-05-08,57.88465881347656
2023-05-09,58.18036651611328
2023-05-10,59.548011779785156
2023-05-11,60.58298110961914
2023-05-12,60.9156494140625
2023-05-15,61.045021057128906
2023-05-16,61.78429412841797
2023-05-17,61.67339324951172
2023-05-18,62.579002380371094
2023-05-19,62.375709533691406
2023-05-22,62.763816833496094
2023-05-23,62.597496032714844
2023-05-24,61.10047912597656
2023-05-25,61.19287872314453
2023-05-26,61.654930114746094
2023-05-29,62.338741302490234
2023-05-30,62.83774185180664
2023-05-31,61.913665771484375
2023-06-01,63.096492767333984
2023-06-02,63.28132247924805
2023-06-05,63.225860595703125
2023-06-06,63.558528900146484
2023-06-07,62.65292739868164
2023-06-08,62.13545227050781
2023-06-09,62.19089889526367
2023-06-12,61.654930114746094
2023-06-13,62.96712875366211
2023-06-14,63.85423278808594
2023-06-15,64.02057647705078
2023-06-16,64.3532485961914
2023-06-19,64.223876953125
2023-06-20,63.98361587524414
2023-06-21,63.98361587524414
2023-06-22,62.74534606933594
2023-06-23,63.89120864868164
2023-06-26,63.225860595703125
2023-06-27,63.42917251586914
2023-06-28,63.9466552734375
2023-06-29,63.72486114501953
2023-06-30,64.37174224853516
2023-07-03,63.90970230102539
2023-07-04,62.44963836669922
2023-07-05,61.87670135498047
2023-07-06,61.24831771850586
2023-07-07,60.43513107299805
2023-07-10,60.361202239990234
2023-07-11,61.78190612792969
2023-07-12,61.9875373840332
2023-07-13,62.11838150024414
2023-07-14,61.68843460083008
2023-07-17,61.912757873535156
2023-07-18,62.06230545043945
2023-07-19,62.49226379394531
2023-07-20,62.267940521240234
2023-07-21,62.772666931152344
2023-07-24,62.69788360595703
2023-07-25,62.47356033325195
2023-07-26,62.660499572753906
2023-07-27,63.27738571166992
2023-07-28,64.23075103759766
2023-07-31,61.27717590332031
2023-08-01,60.95939636230469
2023-08-02,60.13687515258789
2023-08-03,59.725624084472656
2023-08-04,59.05265808105469
2023-08-07,58.52924346923828
2023-08-08,58.64140701293945
2023-08-09,59.538692474365234
2023-08-10,60.04341506958008
2023-08-11,59.5573844909668
2023-08-14,59.25829315185547
2023-08-15,59.83778381347656
2023-08-16,59.183509826660156
2023-08-17,58.97788619995117
2023-08-18,57.29547882080078
2023-08-21,57.74411392211914
2023-08-22,57.76280975341797
2023-08-23,57.98713302612305
2023-08-24,58.09929656982422
2023-08-25,57.42633056640625
2023-08-28,57.40763473510742
2023-08-29,58.174068450927734
2023-08-30,58.97788619995117
2023-08-31,58.90311050415039
2023-09-01,59.05265808105469
2023-09-04,59.0152702331543
2023-09-05,58.73487091064453
2023-09-06,58.248836517333984
2023-09-07,58.09929656982422
2023-09-08,58.155372619628906
2023-09-11,58.323612213134766
2023-09-12,58.39838409423828
2023-09-13,57.912357330322266
2023-09-14,57.81888961791992
2023-09-15,58.64140701293945
2023-09-18,58.323612213134766
2023-09-19,57.538490295410156
2023-09-20,58.06190872192383
2023-09-21,57.98713302612305
2023-09-22,57.37025451660156
2023-09-25,55.61305618286133
2023-09-26,55.79999542236328
2023-09-27,55.7252197265625
2023-09-28,53.855873107910156
2023-09-29,53.444618225097656
2023-10-02,53.351158142089844
2023-10-03,52.846431732177734
2023-10-04,52.93989562988281
2023-10-05,53.2763786315918
2023-10-06,53.351158142089844
2023-10-09,53.31376647949219
2023-10-10,52.846431732177734
2023-10-11,53.51939392089844
2023-10-12,53.631553649902344
2023-10-13,52.95859146118164
2023-10-16,52.5660285949707
2023-10-17,52.584720611572266
2023-10-18,52.547332763671875
2023-10-19,51.12663269042969
2023-10-20,51.07054901123047
2023-10-23,50.3975830078125
2023-10-24,50.02371597290039
2023-10-25,50.58451843261719
2023-10-26,49.855472564697266
2023-10-27,49.46290588378906
2023-10-30,49.51899337768555
2023-10-31,49.55638122558594
2023-11-01,50.37889099121094
2023-11-02,51.79959487915039
2023-11-03,51.91175842285156
2023-11-06,52.379093170166016
2023-11-07,53.295074462890625
2023-11-08,55.18311309814453
2023-11-09,56.510345458984375
2023-11-10,55.76260757446289
2023-11-13,56.155174255371094
2023-11-14,56.398189544677734
2023-11-15,57.37025451660156
2023-11-16,57.463714599609375
2023-11-17,57.463714599609375
2023-11-20,58.60401916503906
2023-11-21,58.88441848754883
2023-11-22,58.88441848754883
2023-11-23,58.41707992553711
2023-11-24,58.39838409423828
2023-11-27,58.5853271484375
2023-11-28,58.697486877441406
2023-11-29,58.99657440185547
2023-11-30,59.4078369140625
2023-12-01,59.63215637207031
2023-12-04,59.594764709472656
2023-12-05,59.76301193237305
2023-12-06,60.398590087890625
2023-12-07,60.17426300048828
2023-12-08,60.02471923828125
2023-12-11,61.482810974121094
2023-12-12,60.92200469970703
2023-12-13,60.92200469970703
2023-12-14,61.16502380371094
2023-12-15,60.94070053100586
2023-12-18,61.05286407470703
2023-12-19,61.221107482910156
2023-12-20,61.07154846191406
2023-12-21,60.118186950683594
2023-12-22,60.361202239990234
2023-12-27,60.75376510620117
2023-12-28,60.80984115600586
2023-12-29,60.6416015625
2024-01-02,60.75376510620117
2024-01-03,59.98733139038086
2024-01-04,59.706932067871094
2024-01-05,59.35175704956055
2024-01-08,59.108741760253906
2024-01-09,59.576080322265625
2024-01-10,59.108741760253906
2024-01-11,60.062110900878906
2024-01-12,59.93125915527344
2024-01-15,59.93125915527344
2024-01-16,59.404212951660156
2024-01-17,59.103057861328125
2024-01-18,59.366573333740234
2024-01-19,60.3265266418457
2024-01-22,61.32413101196289
2024-01-23,61.71939468383789
2024-01-24,60.70297622680664
2024-01-25,60.77827072143555
2024-01-26,62.359371185302734
2024-01-29,62.11467361450195
2024-01-30,62.171138763427734
2024-01-31,61.26765823364258
2024-02-01,60.75944137573242
2024-02-02,61.51235580444336
2024-02-05,60.608863830566406
2024-02-06,59.89360046386719
2024-02-07,60.307708740234375
2024-02-08,60.740623474121094
2024-02-09,60.382999420166016
2024-02-12,59.63009262084961
2024-02-13,59.32892608642578
2024-02-14,58.500732421875
2024-02-15,57.78547668457031
2024-02-16,57.22079086303711
2024-02-19,56.73140335083008
2024-02-20,57.559600830078125
2024-02-21,57.69136047363281
2024-02-22,57.95487594604492
2024-02-23,56.938453674316406
2024-02-26,56.24201583862305
2024-02-27,55.997318267822266
2024-02-28,54.284461975097656
2024-02-29,52.83511734008789
2024-03-01,53.606842041015625
2024-03-04,53.39979934692383
2024-03-05,53.32450866699219
2024-03-06,54.77384948730469
2024-03-07,54.54798126220703
2024-03-08,54.39739990234375
2024-03-11,53.71978759765625
2024-03-12,54.51033020019531
2024-03-13,54.92443084716797
2024-03-14,54.69855880737305
2024-03-15,53.92683410644531
2024-03-18,54.51033020019531
2024-03-19,53.70096206665039
2024-03-20,53.79507827758789
2024-03-21,55.150299072265625
2024-03-22,54.47269058227539
2024-03-25,55.22559356689453
2024-03-26,55.52675247192383
2024-03-27,55.602046966552734
2024-03-28,56.467891693115234
2024-04-02,55.413822174072266
2024-04-03,54.4538688659668
2024-04-04,54.09623336791992
2024-04-05,53.79507827758789
2024-04-08,53.85154342651367
2024-04-09,53.85154342651367
2024-04-10,54.86796188354492
2024-04-11,54.491512298583984
2024-04-12,53.3809814453125
2024-04-15,53.71978759765625
2024-04-16,52.38337707519531
2024-04-17,52.326904296875
2024-04-18,53.512733459472656
2024-04-19,53.87036895751953
2024-04-22,54.755027770996094
2024-04-23,54.39739990234375
2024-04-24,55.73380661010742
2024-04-25,55.73380661010742
2024-04-26,56.05378723144531
2024-04-29,56.41141891479492
2024-04-30,55.82791519165039
2024-05-02,55.71498107910156
2024-05-03,56.467891693115234
2024-05-06,55.95967483520508
2024-05-07,55.6961555480957
2024-05-08,58.44426727294922
2024-05-09,57.71017837524414
2024-05-10,58.61366653442383
2024-05-13,58.57602310180664
2024-05-14,60.288883209228516
2024-05-15,60.17594528198242
2024-05-16,60.91002655029297
2024-05-17,61.45588684082031
2024-05-20,62.02056121826172
2024-05-21,61.926448822021484
2024-05-22,61.173545837402344
2024-05-23,61.173545837402344
2024-05-24,60.646514892578125
2024-05-27,59.76184844970703
2024-05-28,59.68655776977539
2024-05-29,59.535972595214844
2024-05-30,59.96889877319336
2024-05-31,61.173545837402344
2024-06-03,61.60646057128906
2024-06-04,61.66292953491211
2024-06-05,63.99694061279297
2024-06-06,63.99694061279297
2024-06-07,63.63930892944336
2024-06-10,63.45108413696289
2024-06-11,63.1310920715332
2024-06-12,62.09585952758789
2024-06-13,62.11467361450195
2024-06-14,60.23241424560547
2024-06-17,59.68655776977539
2024-06-18,59.705379486083984
2024-06-19,59.29127883911133
2024-06-20,59.404212951660156
2024-06-21,60.382999420166016
2024-06-24,60.08183288574219
2024-06-25,60.11948013305664
2024-06-26,60.608863830566406
2024-06-27,58.933650970458984
2024-06-28,58.16192626953125
2024-07-01,59.79948806762695
2024-07-02,58.655731201171875
2024-07-03,59.189483642578125
2024-07-04,60.18074417114258
2024-07-05,60.314178466796875
2024-07-08,59.494483947753906
2024-07-09,59.494483947753906
2024-07-10,58.50323486328125
2024-07-11,59.3801155090332
2024-07-12,59.341983795166016
2024-07-15,59.7613639831543
2024-07-16,59.723243713378906
2024-07-17,59.79949188232422
2024-07-18,59.246673583984375
2024-07-19,58.1982307434082
2024-07-22,58.04573059082031
2024-07-23,58.14104080200195
2024-07-24,57.79791259765625
2024-07-25,57.18790817260742
2024-07-26,57.56916427612305
2024-07-29,57.47385025024414
2024-07-30,56.99728012084961
2024-07-31,58.12197494506836
2024-08-01,55.94883728027344
2024-08-02,54.17601776123047
2024-08-05,52.97507095336914
2024-08-06,53.566009521484375
2024-08-07,53.508819580078125
2024-08-08,53.64226150512695
2024-08-09,53.66132354736328
2024-08-12,54.27132797241211
2024-08-13,54.19507598876953
2024-08-14,54.29038619995117
2024-08-15,55.071956634521484
2024-08-16,55.18633270263672
2024-08-19,55.110084533691406
2024-08-20,55.77727508544922
2024-08-21,55.66290283203125
2024-08-22,56.12040328979492
2024-08-23,56.78759765625
2024-08-26,56.59697341918945
2024-08-27,57.206974029541016
2024-08-28,57.87416458129883
2024-08-29,57.302284240722656
2024-08-30,57.8551025390625
2024-09-02,57.96947479248047
2024-09-03,57.702598571777344
2024-09-04,56.84477996826172
2024-09-05,57.96947479248047
2024-09-06,58.61760711669922
2024-09-09,58.69386291503906
2024-09-10,59.532615661621094
2024-09-11,59.5135498046875
2024-09-12,59.990116119384766
2024-09-13,59.41823959350586
2024-09-16,60.123558044433594
2024-09-17,60.75262451171875
2024-09-18,61.95356750488281
2024-09-19,62.906700134277344
2024-09-20,62.201385498046875
2024-09-23,62.16326141357422
2024-09-24,61.95356750488281
2024-09-25,61.61043930053711
2024-09-26,63.26888656616211
2024-09-27,63.82170867919922
2024-09-30,62.02981948852539
2024-10-01,61.82012939453125
2024-10-02,61.76294708251953
2024-10-03,60.733558654785156
2024-10-04,61.6485710144043
2024-10-07,62.0107536315918
2024-10-08,61.57231521606445
2024-10-09,62.12512969970703
2024-10-10,61.991695404052734
2024-10-11,62.7160758972168
2024-10-14,62.7160758972168
2024-10-15,63.04014587402344
2024-10-16,62.83045196533203
2024-10-17,63.878883361816406
2024-10-18,63.82170867919922
2024-10-21,64.1457748413086
2024-10-22,64.20296478271484
2024-10-23,64.46984100341797
2024-10-24,64.7367172241211
2024-10-25,64.05045318603516
2024-10-28,64.20296478271484
2024-10-29,64.75577545166016
2024-10-30,64.37452697753906
2024-10-31,63.34513473510742
2024-11-01,63.34513473510742
2024-11-04,64.05045318603516
2024-11-05,64.54608917236328
2024-11-06,63.84077453613281
2024-11-07,65.17515563964844
2024-11-08,64.88921356201172
2024-11-11,64.79390716552734
2024-11-12,64.1076431274414
2024-11-13,63.34513473510742
2024-11-14,63.66920471191406
2024-11-15,63.24983596801758
2024-11-18,64.22201538085938
2024-11-19,62.43013381958008
2024-11-20,63.21170425415039
2024-11-21,62.81138610839844
2024-11-22,63.13545227050781
2024-11-25,63.2879524230957
2024-11-26,62.563575744628906
2024-11-27,62.506385803222656
2024-11-28,62.94483184814453
2024-11-29,63.30702209472656
2024-12-02,63.38326644897461
2024-12-03,64.8129653930664
2024-12-04,65.55641174316406
2024-12-05,66.50953674316406
2024-12-06,66.73828887939453
2024-12-09,66.490478515625
2024-12-10,66.29984283447266
2024-12-11,65.97578430175781
2024-12-12,65.7660903930664
2024-12-13,65.46109008789062
2024-12-16,64.43170928955078
2024-12-17,64.26014709472656
2024-12-18,64.29827880859375
2024-12-19,63.53577423095703
2024-12-20,63.26888656616211
2024-12-23,64.8510971069336
2024-12-27,64.90827941894531
2024-12-30,64.7367172241211
2025-01-02,64.87014770507812
2025-01-03,65.17515563964844
2025-01-06,64.22201538085938
2025-01-07,64.7367172241211
2025-01-08,64.8129653930664
2025-01-09,65.19422149658203
2025-01-10,66.68109893798828
2025-01-13,65.02265930175781
2025-01-14,64.75577545166016
2025-01-15,63.94921112060547
2025-01-16,64.42930603027344
2025-01-17,64.19886779785156
2025-01-20,64.89020538330078
2025-01-21,64.85179901123047
2025-01-22,65.2742919921875
2025-01-23,65.19746398925781
2025-01-24,65.54314422607422
2025-01-27,64.35248565673828
2025-01-28,66.541748046875
2025-01-29,66.98344421386719
2025-01-30,67.23307800292969
2025-01-31,67.36752319335938
2025-02-03,66.84900665283203
2025-02-04,68.44293975830078
2025-02-05,68.1548843383789
2025-02-06,69.26871490478516
2025-02-07,68.13567352294922
2025-02-10,68.17407989501953
2025-02-11,68.21249389648438
2025-02-12,67.94364166259766
2025-02-13,69.9024429321289
2025-02-14,69.13428497314453
2025-02-17,69.19189453125
2025-02-18,68.4813461303711
2025-02-19,68.5197525024414
2025-02-20,67.63636779785156
2025-02-21,67.30990600585938
2025-02-24,66.82980346679688
2025-02-25,66.61856079101562
2025-02-26,66.40731811523438
2025-02-27,65.8311996459961
2025-02-28,69.84481811523438
2025-03-03,71.6115951538086
2025-03-04,72.14930725097656
2025-03-05,72.0724868774414
2025-03-06,71.70761108398438
2025-03-07,70.67059326171875
2025-03-10,71.1698989868164
2025-03-11,67.34831237792969
2025-03-12,66.81060791015625
2025-03-13,65.33190155029297
2025-03-14,65.54314422607422
2025-03-17,66.56095123291016
2025-03-18,69.6143798828125
2025-03-19,68.42374420166016
2025-03-20,70.01766967773438
2025-03-21,71.05467224121094
2025-03-24,71.1698989868164
2025-03-25,71.72681427001953
2025-03-26,71.76522064208984
2025-03-27,70.78582000732422
2025-03-28,70.76661682128906
2025-03-31,68.03965759277344
2025-04-01,67.80921173095703
2025-04-02,68.19328308105469
2025-04-03,68.07805633544922
2025-04-04,65.38951110839844
2025-04-07,61.56791687011719
2025-04-08,62.06721878051758
2025-04-09,65.52392578125
2025-04-10,62.41289138793945
2025-04-11,63.81477737426758
2025-04-14,64.3140869140625
2025-04-15,65.04383850097656
2025-04-16,64.9862289428711
2025-04-17,65.37030792236328
2025-04-22,65.13984680175781
2025-04-23,66.82980346679688
2025-04-24,66.29209899902344
2025-04-25,66.61856079101562
2025-04-28,67.21388244628906
2025-04-29,66.42652130126953
2025-04-30,66.15766906738281
2025-05-02,66.34970092773438
2025-05-05,67.44432830810547
2025-05-06,68.00125122070312
2025-05-07,68.0972671508789
2025-05-08,65.75438690185547
2025-05-09,64.64054870605469
2025-05-12,67.21388244628906
2025-05-13,68.65418243408203
2025-05-14,68.30851745605469
2025-05-15,68.231689453125
2025-05-16,69.11508178710938
2025-05-19,69.34552001953125
2025-05-20,70.72821044921875
2025-05-21,70.57457733154297
2025-05-22,70.01766967773438
2025-05-23,70.07528686523438
2025-05-26,70.24811553955078
2025-05-27,70.53617095947266
2025-05-28,70.82423400878906
2025-05-29,70.84342956542969
2025-05-30,69.82562255859375
2025-06-02,70.05606842041016
2025-06-03,71.22750854492188
2025-06-04,70.90104675292969
2025-06-05,70.82423400878906
2025-06-06,71.842041015625
2025-06-09,71.82284545898438
2025-06-10,71.63079833984375
2025-06-11,70.939453125
2025-06-12,70.47856140136719
2025-06-13,67.69398498535156
2025-06-16,67.6747817993164
2025-06-17,68.30851745605469
2025-06-18,67.17547607421875
2025-06-19,66.98344421386719
2025-06-20,66.2536849975586
2025-06-23,64.8709945678711
2025-06-24,66.13845825195312
2025-06-25,66.63776397705078
2025-06-26,66.1192626953125
2025-06-27,66.21527862548828
2025-06-30,68.7117919921875
2025-07-01,68.6349868774414
2025-07-02,69.07251739501953
2025-07-03,68.50858306884766
2025-07-04,68.72248840332031
2025-07-07,68.3724594116211
2025-07-08,68.85861206054688
2025-07-09,68.78082275390625
2025-07-10,69.519775390625
2025-07-11,69.96703338623047
2025-07-14,69.57810974121094
2025-07-15,69.05307006835938
2025-07-16,68.58636474609375
2025-07-17,69.11141204833984
2025-07-18,68.9364013671875
2025-07-21,68.31412506103516
2025-07-22,67.76962280273438
2025-07-23,69.30587005615234
2025-07-24,69.79202270507812
2025-07-25,69.73368835449219
2025-07-28,70.95878601074219
2025-07-29,69.63645935058594
2025-07-30,69.36420440673828
2025-07-31,68.91694641113281
2025-08-01,67.47793579101562
2025-08-04,67.88630676269531
2025-08-05,68.50858306884766
2025-08-06,68.33356475830078
2025-08-07,69.05307006835938
2025-08-08,69.4030990600586
2025-08-11,69.05307006835938
2025-08-12,67.78907775878906
2025-08-13,68.25578308105469
2025-08-14,68.27522277832031
2025-08-15,69.130859375
2025-08-18,69.50033569335938
2025-08-19,69.92814636230469
2025-08-20,69.86981201171875
2025-08-21,69.8309097290039
2025-08-22,69.4419937133789
2025-08-25,70.21983337402344
2025-08-26,70.10315704345703
2025-08-27,69.94759368896484
2025-08-28,70.49208068847656
2025-08-29,69.92814636230469
2025-09-01,68.9364013671875
2025-09-02,67.22513580322266
2025-09-03,65.94169616699219
2025-09-04,66.27227783203125
2025-09-05,66.38895416259766
2025-09-08,66.87510681152344
2025-09-09,66.75843811035156
2025-09-10,67.43904876708984
2025-09-11,66.4861831665039
2025-09-12,66.35005950927734
2025-09-15,65.90280151367188
2025-09-16,65.6500015258789
2025-09-17,65.7861328125
2025-09-18,65.39720916748047
2025-09-19,65.63056182861328
2025-09-22,65.0082778930664
2025-09-23,64.71659088134766
2025-09-24,64.44435119628906
2025-09-25,63.25813293457031
2025-09-26,63.27758407592773
2025-09-29,64.1332015991211
2025-09-30,64.05542755126953
2025-10-01,65.37776184082031
2025-10-02,66.27227783203125
2025-10-03,65.80557250976562
2025-10-06,65.80557250976562
2025-10-07,66.19450378417969
2025-10-08,65.94169616699219
2025-10-09,67.16680145263672
2025-10-10,66.46674346923828
2025-10-13,66.00003814697266
2025-10-14,65.4166488647461
2025-10-15,66.25283813476562
2025-10-16,65.70834350585938
2025-10-17,65.10551452636719
2025-10-20,65.63056182861328
2025-10-21,66.05838012695312
2025-10-22,66.25283813476562
2025-10-23,66.9334487915039
2025-10-24,66.175048828125
2025-10-27,66.00003814697266
2025-10-28,65.9805908203125
2025-10-29,65.37776184082031
2025-10-30,64.32767486572266
2025-10-31,64.36656188964844
2025-11-03,64.44435119628906
2025-11-04,63.31647491455078
2025-11-05,63.56927108764648
2025-11-06,65.02772521972656
2025-11-07,64.3860092163086
2025-11-10,65.12496948242188
2025-11-11,64.83326721191406
2025-11-12,65.2027359008789
2025-11-13,65.94169616699219
2025-11-14,65.14440155029297
2025-11-17,65.04718017578125
2025-11-18,63.102569580078125
2025-11-19,60.885711669921875
2025-11-20,60.38011169433594
2025-11-21,57.73544692993164
2025-11-24,61.157958984375
2025-11-25,61.177398681640625
2025-11-26,61.3524169921875
2025-11-27,61.62466430664063
2025-11-28,61.25518798828125
2025-12-01,61.21629333496094
2025-12-02,60.01063919067383
2025-12-03,59.95230102539063
2025-12-04,60.65235900878906
2025-12-05,59.91340637207031
2025-12-08,59.44670104980469
2025-12-09,59.05778121948242
2025-12-10,58.76608657836914
2025-12-11,60.16621017456055
2025-12-12,60.76903533935547
2025-12-15,60.885711669921875
2025-12-16,60.710693359375
2025-12-17,59.71894454956055
2025-12-18,60.06897735595703
2025-12-19,61.4107551574707
2025-12-22,61.0996208190918
2025-12-23,61.0996208190918
2025-12-29,60.38011169433594
2025-12-30,60.788482666015625
2026-01-02,60.90515899658203
2026-01-05,61.060726165771484
2026-01-06,61.31352615356445
2026-01-07,61.31352615356445
2026-01-08,61.4107551574707
2026-01-09,63.530372619628906
2026-01-12,62.59696578979492
2026-01-13,62.14970397949219
2026-01-14,61.983036041259766
2026-01-15,60.786903381347656
2026-01-16,60.296688079833984
2026-01-19,59.25742721557617
2026-01-20,57.35538482666016
2026-01-21,56.8847770690918
2026-01-22,56.57103729248047
2026-01-23,56.825950622558594
2026-01-26,56.433780670166016
2026-01-27,55.845516204833984
2026-01-28,55.590606689453125
2026-01-29,55.31608200073242
2026-01-30,55.43373489379883
2026-02-02,54.76704025268555
2026-02-03,54.414085388183594
2026-02-04,53.23756408691406
2026-02-05,52.51204299926758
2026-02-06,51.23747634887695
2026-02-09,51.02178192138672
2026-02-10,50.57078552246094
2026-02-11,50.53156661987305
2026-02-12,47.972633361816406
2026-02-13,48.041263580322266
2026-02-16,47.61967468261719
2026-02-17,46.07059097290039
2026-02-18,45.96274566650391
2026-02-19,47.21769714355469
2026-02-20,47.864784240722656
2026-02-23,47.55104446411133
2026-02-24,46.580413818359375
2026-02-25,47.41378784179688
2026-02-26,48.30598068237305
2026-02-27,51.90417098999024
2026-03-02,50.2374382019043
2026-03-03,49.060916900634766
2026-03-04,51.27669525146485
2026-03-05,51.217872619628906
2026-03-06,53.37482070922852
2026-03-09,51.96299743652344
2026-03-10,53.70817184448242
2026-03-11,52.610084533691406
2026-03-12,52.57086563110352
2026-03-13,51.590431213378906
2026-03-16,51.37474060058594
2026-03-17,50.08056640625
2026-03-18,50.51195526123047
2026-03-19,48.30598068237305
2026-03-20,48.041263580322266
2026-03-23,49.453086853027344
2026-03-24,48.39421844482422
2026-03-25,48.992286682128906
2026-03-26,49.276607513427734
2026-03-27,49.01189422607422
2026-03-30,47.423587799072266
2026-03-31,47.933414459228516
2026-04-01,48.551090240478516
2026-04-02,49.492305755615234
2026-04-07,48.42363357543945
2026-04-08,50.11978149414063
2026-04-09,48.28637313842773
2026-04-10,48.83541488647461
2026-04-13,48.07067489624024
2026-04-14,48.78639221191406
2026-04-15,49.59035110473633
2026-04-16,51.8453483581543
2026-04-17,51.27669525146485
2026-04-20,52.08065032958984
2026-04-21,51.727691650390625
2026-04-22,51.590431213378906
2026-04-23,49.8060417175293
2026-04-24,48.590309143066406
2026-04-27,49.139347076416016
2026-04-28,48.698150634765625
2026-04-29,47.66869735717773
2026-04-30,47.168678283691406
2026-05-04,47.051025390625
2026-05-05,46.727481842041016
2026-05-06,47.52163314819336
2026-05-07,49.08052444458008
2026-05-08,52.08065032958984
2026-05-11,51.02178192138672
2026-05-12,49.9236946105957
2026-05-13,51.23747634887695
2026-05-14,50.08056640625
2026-05-15,49.453086853027344
2026-05-18,49.43347930908203
2026-05-19,50.766868591308594
2026-05-20,50.845306396484375
2026-05-21,52.00221633911133
2026-05-22,51.100215911865234
2026-05-25,50.747257232666016
2026-05-26,51.76691055297852
2026-05-27,51.19826126098633
2026-05-28,51.90417098999024
2026-05-29,52.374778747558594
2026-06-01,53.53169250488281
2026-06-02,54.649391174316406
2026-06-03,53.15913009643555
2026-06-04,53.15913009643555
2026-06-05,52.786563873291016
2026-06-08,51.92378234863281
2026-06-09,51.8453483581543
2026-06-10,51.276695251464844
2026-06-11,50.80608749389648
2026-06-12,49.51191329956055
2026-06-15,50.51195526123047
2026-06-16,51.394344329833984
2026-06-17,50.90412902832031
2026-06-18,50.747257232666016
2026-06-19,50.53156661987305
2026-06-22,50.43352127075195
2026-06-23,49.8060417175293
2026-06-24,49.88447952270508
2026-06-25,51.139434814453125
2026-06-26,50.64921569824219
2026-06-29,50.86491394042969
2026-06-30,50.61000061035156
2026-07-01,50.58000183105469
2026-07-02,51.119998931884766
2026-07-03,51.41999816894531
2026-07-06,51.0
2026-07-07,51.400001525878906
2026-07-08,51.70000076293945
2026-07-09,49.43999862670898
2026-07-10,51.5
2026-07-13,50.380001068115234
2026-07-14,49.45000076293945
2026-07-15,49.63999938964844
2026-07-16,49.81999969482422
2026-07-17,50.13999938964844
2026-07-20,50.15999984741211
2026-07-21,49.83000183105469
2026-07-22,48.95000076293945
2026-07-23,48.47999954223633
2026-07-24,48.5099983215332
2026-07-27,49.869998931884766
2026-07-28,51.220001220703125
2026-07-29,52.91999816894531
2026-07-30,54.220001220703125
2026-08-03,53.540000915527344
2026-08-04,55.400001525878906
2026-08-05,56.59999847412109
2026-08-06,57.52000045776367
2026-08-07,56.34000015258789
2026-08-10,57.36000061035156
2026-08-11,56.959999084472656
2026-08-12,57.47999954223633
2026-08-13,57.02000045776367
2026-08-14,57.41999816894531
2026-08-17,56.619998931884766
